CREATE USER IF NOT EXISTS 'mymoviedb'@'%' IDENTIFIED BY 'geheim';

CREATE DATABASE  IF NOT EXISTS `moviedb` /*!40100 DEFAULT CHARACTER SET utf8mb4 */;
USE `moviedb`;
-- MySQL dump 10.19  Distrib 10.3.34-MariaDB, for debian-linux-gnu (x86_64)
--
-- Host: localhost    Database: moviedb
-- ------------------------------------------------------
-- Server version	10.3.34-MariaDB-0ubuntu0.20.04.1

/*!40101 SET @OLD_CHARACTER_SET_CLIENT=@@CHARACTER_SET_CLIENT */;
/*!40101 SET @OLD_CHARACTER_SET_RESULTS=@@CHARACTER_SET_RESULTS */;
/*!40101 SET @OLD_COLLATION_CONNECTION=@@COLLATION_CONNECTION */;
/*!40101 SET NAMES utf8 */;
/*!40103 SET @OLD_TIME_ZONE=@@TIME_ZONE */;
/*!40103 SET TIME_ZONE='+00:00' */;
/*!40014 SET @OLD_UNIQUE_CHECKS=@@UNIQUE_CHECKS, UNIQUE_CHECKS=0 */;
/*!40014 SET @OLD_FOREIGN_KEY_CHECKS=@@FOREIGN_KEY_CHECKS, FOREIGN_KEY_CHECKS=0 */;
/*!40101 SET @OLD_SQL_MODE=@@SQL_MODE, SQL_MODE='NO_AUTO_VALUE_ON_ZERO' */;
/*!40111 SET @OLD_SQL_NOTES=@@SQL_NOTES, SQL_NOTES=0 */;

GRANT SELECT, INSERT, UPDATE, DELETE ON moviedb.* TO 'mymoviedb'@'%';
FLUSH PRIVILEGES;

--
-- Table structure for table `genres`
--

/*!40101 SET @saved_cs_client     = @@character_set_client */;
/*!40101 SET character_set_client = utf8 */;
CREATE TABLE IF NOT EXISTS `genres` (
  `id` int(10) unsigned NOT NULL AUTO_INCREMENT,
  `genre` varchar(45) NOT NULL,
  PRIMARY KEY (`id`),
  UNIQUE KEY `id_UNIQUE` (`id`),
  UNIQUE KEY `genre_UNIQUE` (`genre`)
) ENGINE=InnoDB AUTO_INCREMENT=10771 DEFAULT CHARSET=utf8mb4;
/*!40101 SET character_set_client = @saved_cs_client */;

--
-- Dumping data for table `genres`
--
-- ORDER BY:  `id`

LOCK TABLES `genres` WRITE;
/*!40000 ALTER TABLE `genres` DISABLE KEYS */;
INSERT INTO `genres` VALUES (12,'Abenteuer'),(14,'Fantasy'),(16,'Animation'),(18,'Drama'),(27,'Horror'),(28,'Action'),(35,'Komödie'),(36,'Historie'),(37,'Western'),(53,'Thriller'),(80,'Krimi'),(99,'Dokumentarfilm'),(878,'Science Fiction'),(9648,'Mystery'),(10402,'Musik'),(10749,'Liebesfilm'),(10751,'Familie'),(10752,'Kriegsfilm'),(10770,'TV-Film');
/*!40000 ALTER TABLE `genres` ENABLE KEYS */;
UNLOCK TABLES;

--
-- Table structure for table `movies`
--

/*!40101 SET @saved_cs_client     = @@character_set_client */;
/*!40101 SET character_set_client = utf8 */;
CREATE TABLE IF NOT EXISTS `movies` (
  `id` int(10) unsigned NOT NULL AUTO_INCREMENT,
  `title` varchar(60) NOT NULL,
  `description` text NOT NULL,
  `genreid` int(10) unsigned NOT NULL,
  `duration` smallint(5) unsigned NOT NULL,
  `userid` int(10) unsigned NOT NULL,
  `poster_path` varchar(45) DEFAULT NULL,
  `backdrop_path` varchar(45) DEFAULT NULL,
  `vote_average` int(10) unsigned NOT NULL,
  PRIMARY KEY (`id`),
  UNIQUE KEY `id_UNIQUE` (`id`),
  UNIQUE KEY `title_UNIQUE` (`title`),
  KEY `fk_movies_genres_idx` (`genreid`),
  KEY `fk_movies_users_idx` (`userid`),
  CONSTRAINT `fk_movies_genres` FOREIGN KEY (`genreid`) REFERENCES `genres` (`id`) ON DELETE NO ACTION ON UPDATE NO ACTION,
  CONSTRAINT `fk_movies_users` FOREIGN KEY (`userid`) REFERENCES `users` (`id`) ON DELETE NO ACTION ON UPDATE NO ACTION
) ENGINE=InnoDB AUTO_INCREMENT=77 DEFAULT CHARSET=utf8mb4;
/*!40101 SET character_set_client = @saved_cs_client */;

--
-- Dumping data for table `movies`
--
-- ORDER BY:  `id`

LOCK TABLES `movies` WRITE;
/*!40000 ALTER TABLE `movies` DISABLE KEYS */;
INSERT INTO `movies` VALUES (8,'Avatar - Aufbruch nach Pandora','Ex-Marine Jake Sully nimmt auf dem Planeten Pandora an einem Experiment unter der Leitung der Wissenschaftlerin Dr. Grace Augustine teil. Als er sich im genetisch manipulierten Körper der Ureinwohner in die schöne Neytiri verliebt, gerät er zwischen die Fronten eines skrupellosen Konzerns und dem naturverbundenen Volk der Na\'vi. Jake muss sich entscheiden, auf welcher Seite er steht - in einem ungleichen Kampf, in dem es um das Schicksal einer einzigartigen Welt geht ...',28,162,1,'/8x4TSGxaIIzTgQXyplBn1Y8mjlX.jpg','/jlQJDD0L5ZojjlS0KYnApdO0n19.jpg',8),(9,'Krieg der Sterne','Seit der Vernichtung der Jedi-Ritter steht die Galaxie unter der grausamen Herrschaft des Imperiums. Nur eine kleine Gruppe von Rebellen, angeführt von der schönen Prinzessin Leia, widersetzt sich der dunklen Macht. Als es ihnen gelingt, die geheimen Baupläne für den gefährlichen Todesstern zu entwenden, gerät das Imperium in Aufruhr. Durch Zufall gelangen die Pläne ausgerechnet in die Hände des Farmerjungen Luke Skywalker, der spürt, dass er sein bisheriges Leben hinter sich lassen muss. Gemeinsam mit dem weisen Obi-Wan Kenobi, den Weltraumabenteurern Han Solo und Chewbacca sowie den Droiden R2-D2 und C-3PO nimmt er den Kampf gegen das mächtige Imperium auf. Es beginnt ein Wettlauf gegen die Zeit, denn der Kampfstern kann nur vor seiner Fertigstellung zerstört werden...',12,121,2,'/mqGTDn6c5wy4Bwf6DR7eZeO7c5d.jpg','/jBFxXKCrViA88hhO59fDx0Av4P.jpg',8),(10,'Spaceballs','Wir befinden uns weit, weit, weit weg in einer Galaxie, in der es ein kleines Völkchen gibt, das sich Spaceballs nennt. Angeführt durch Lord Helmchen und Colonel Sandfurz versuchen sie, die Luft des Planeten Druidia zu entsaugen, denn ihr Heimatplanet leidet unter Luftverschmutzung. Kurzerhand wird Prinzessin Vespa entführt und der Weltraumcowboy Lone Star muss sie aus den Fängen der Schurken retten. Unterstützt wird er bei dieser Mission von Waldi, dem Möter, er ist halb Mensch, halb Köter.',35,96,2,'/2jpnuEJR7bTEMze4IV1rtGUibbC.jpg','/g1h8OE4ZPg5aLbwUm7DPeCOBuHC.jpg',7),(11,'Taxi','Daniel, ein leidenschaftlicher Taxifahrer, betrachtet die Straßen Marseilles als seine persönliche Rennstrecke. Emilien, ein kleiner Polizist, der schon achtmal durch die Führerscheinprüfung gefallen ist, erwischt ihn bei Tempo 200 und wittert seine große Chance. Mit Daniel als Fahrer könnte er die berüchtigte Mercedes-Gang dingfest machen, eine deutsche Bankräuber-Bande, die den französischen Behörden seit Monaten Kopfzerbrechen bereitet. Da er keine Wahl hat – ein Nein würde die Taxi-Lizenz kosten – geht Daniel auf den Deal ein.',28,85,2,'/vxN4ApT2znzbHSBTw16BXhtxLSQ.jpg','/u9xtjq0oUTWNaYpPPesPPAUt1Y4.jpg',7),(12,'Taxi Taxi','Daniel ist der rasanteste Taxifahrer Marseilles, weswegen er auch seinem Schwiegervater in spe auf die Schnelle aushelfen muss. Der hochrangige französische General hat nämlich völlig die Ankunft des japanischen Verteidigungsministers vergessen. Am Flughafen eingetroffen, muss Daniel seiner Fahrkünste wegen dem hohen Besuch gleich noch eine polizeichlich entwickelte Anti-Terror-Limousine vorführen. Was dabei keiner ahnt: Yakuzas haben es auf Leib und Leben des fernöstlichen Staatsmannes abgesehen und liegen bereits im Hinterhalt.',28,82,2,'/yKQP703t1IHrRiD1kCTAvc1iccH.jpg','/xSnKDHTk79wu2UJqI0RDm4tiBvj.jpg',6),(13,'Taxi 3','Der schnellste Taxifahrer Marseilles startet in die dritte Runde. Mit seiner Kiste, hochgetunt zum Geschoss des Todes und zu schnell für Radarfallen, heizt der Taxifahrer Daniel durch die Straßen Marseilles. Emilien, Polizist und Freund von Daniel, scheut sich aber immer noch vor dem direkten Kontakt mit dem Lenkrad. Zur Zeit verbindet die beiden nur eins: Sie nehmen ihren Beruf viel zu ernst und lassen dabei ihr Privatleben und ihre Frauen im Stich. Parallel dazu treibt seit längerem eine als Weihnachtsmänner verkleidete Gang in Marseille ihr Unwesen. Während der Weihnachtszeit soll ihr großer Coup über die Bühne gehen. Die tollpatschige Marseiller Gendarmerie ist aber absolut machtlos. Ein echter Fall also für den Taxichauffeur Daniel und sein Supergefährt.',28,84,2,'/mi9dVYLJjsm8eECYIawGRTclVZX.jpg','/bubZ2cNoCiRo6kibQl8N0Sb6Ywd.jpg',6),(14,'T4xi','In dieser mittlerweile dritten Fortsetzung des französischen Actionhits “Taxi” geht es wieder einmal um einen Taxifahrer und einen Polizisten, die in Marseille ihr Unwesen treiben. Der “Belgier”, ein in ganz Europa bekannter Straftäter, wird unter Aufsicht von Commissaire Gibert von der Polizei von Marseille in Gewahrsam genommen. Emilien und seine Kollegen sollen so lange auf ihn aufpassen, bis er an den Kongo ausgeliefert werden kann. Doch bereits nach kurzer Zeit macht die berühmt-berüchtigte Polizeistation ihrem chaotischen Ruf alle Ehre. Mit einem einfachen Trick lässt sich der leichtgläubige Emilien übertölpeln und setzt den Straftäter kurzerhand auf freien Fuß. Als der Irrtum auffliegt wird Emilien gefeuert und ist auf sich allein gestellt. Nicht ganz, denn er bittet seinen Freund, den Taxifahrer Daniel, um seine Hilfe. Zusammen nehmen sie die Spur des Belgiers wieder auf und stürzen sich in eine spannende und irr-witzige Verfolgungsjagd.',28,84,2,'/gmYKSra4dsgGKC3t3mb6NZDGlMI.jpg','/cMEdpT5oHIgQ0OJayz6UvTbaTNR.jpg',6),(15,'Forrest Gump','Von seiner Mutter rückhaltlos unterstützt, macht sich der geistig ein wenig zurückgebliebene Forrest Gump in die Welt auf. Er bringt Elvis seinen Tanzstil bei, findet in der jungen Jenny eine echte Freundin, wird aufgrund seines Laufvermögens ein Football-Star, steht im Vietnamkrieg seinen Mann, rettet seinen Vorgesetzten Dan Taylor vor dem sicheren Tod und wird schließlich im Shrimps-Business zum Millionär. Doch all die Zeit kann er seine große Liebe Jenny nicht vergessen.',35,142,2,'/iCtxSepAgCUzL9WC4CMb3y78c1p.jpg','/qdIMHd4sEfJSckfVJfKQvisL02a.jpg',8),(16,'Cool Runnings - Dabei sein ist alles','Derice aus Jamaika träumt davon, einmal als 100-Meter-Läufer bei den Olympischen Spielen teilnehmen zu dürfen. Doch als er schon bei der Ausscheidung stürzt, ist das Ziel in weite Ferne gerückt. Da kommt er auf die Idee, stattdessen als Bobfahrer bei der Winterolympiade anzutreten. Kurzerhand trommelt er ein Team zusammen und engagiert einen Trainer. Schließlich beginnen die Jungs, ohne den blassesten Schimmer von dieser Sportart zu haben, im sommerlichen Jamaika mit Trockenübungen für das Abenteuer in Schnee und Eis.',35,98,2,'/5zEKu3Ua5QwhASMUEtDILDeg8zp.jpg','/2Y0lMMmfbpMbVMgc86oi8o5cFQX.jpg',7),(17,'Star Wars: Das Erwachen der Macht','Über 30 Jahre sind vergangen, seitdem die Rebellen den zweiten Todesstern über Endor zerstört und damit die entscheidende Schlacht gegen die finsteren Mächte des Imperiums gewonnen haben. Doch aus der Asche des Bösen ist die Erste Ordnung empor gestiegen und hat die Herrschaft wieder an sich gerissen. Während Supreme Leader Snoke die Zügel im Hintergrund in den Händen hält, schickt er den Lichtschwert schwingenden Kylo Ren ins Feld, um die neue Weltordnung auch in den verstecktesten Winkeln der Galaxis zu verbreiten. Von großer Politik aber weiß Rey auf dem Wüstenplaneten Jakku zunächst nicht viel. Die junge Frau verbringt ihre Tage damit, die karge Landschaft nach Schrott abzusuchen, den sie danach verkauft. Sie ist allein, wartet auf ihre Familie – bis sie die Bekanntschaft von Finn macht, einem ehemaligen Sturmtruppler, den die Untaten der Ersten Ordnung abgeschreckt haben.',12,136,2,'/gV2bG8dPbxaUMllgRxCj0MMsYGw.jpg','/8BTsTfln4jlQrLXUBquXJ0ASQy9.jpg',7),(18,'Star Wars: Die letzten Jedi','Die planetenvernichtende Starkiller-Basis der Ersten Ordnung ist zwar zerstört, die Neue Republik nach der vorherigen Zerstörung von fünf Welten aber massiv geschwächt. Sie steht am Abgrund und wird nur noch von Generalin Leias Widerstand verteidigt, für den auch Pilot Poe Dameron und der desertierte Ex-Sturmtruppler Finn kämpfen. Rey, mit den Erfahrungen ihres ersten großen Abenteuers in den Knochen, geht unterdessen bei Luke Skywalker auf dem Inselplaneten Ahch-To in die Lehre. Luke ist der letzte Jedi, der letzte Vertreter des Ordens, auf dem die Hoffnung ruht, dass Frieden in der Galaxis einkehrt. Doch die Erste Ordnung wirft ihren Schatten auch auf Luke und Rey: Der verlorene, ehemalige Schützling des alten Meisters, Kylo Ren, hat die finstere Mission noch längst nicht beendet, die ihm der sinistere Strippenzieher Snoke auftrug ...',12,152,2,'/cBRoeauknmTrcmv7jAbFKluOtSV.jpg','/5Iw7zQTHVRBOYpA0V6z0yypOPZh.jpg',7),(19,'Star Wars: Der Aufstieg Skywalkers','Etwa ein Jahr, nachdem der letzte Rest des Widerstands durch Luke Skywalkers Opfertat aus dem Griff der Ersten Ordnung entkommen konnte, kämpfen die völlig unterlegenen Rebellen aus dem Hinterhalt gegen Kylo Ren und dessen Truppen. Zum ersten Mal gehen dabei die neuen Helden Rey, Finn und der Super-Pilot Poe gemeinsam auf eine lange Mission ...',12,142,2,'/7uJYadq29ZfZojh8YycsvQbY9y5.jpg','/jOzrELAzFxtMx2I4uDGHOotdfsS.jpg',6),(20,'Rogue One: A Star Wars Story','Die mehrfach verurteilte Jyn Erso passt gut ins Anforderungsprofil für die Rebellion gegen das galaktische Imperium. Sie ist hart, kompromisslos und steht außerhalb der Gesellschaft. Aber es gibt noch einen weiteren, ganz speziellen Grund für ihre Anheuerung. Ihr Vater wurde vor Jahren von dem imperialen Karrieristen Krennic dazu gezwungen, für den Imperator eine neue Superwaffe zu entwickeln: den Todesstern. Dabei hat er heimlich eine Schwachstelle eingebaut und diese mit einem Hilferuf an die Rebellenallianz geschickt. Um diese Schwäche ausnützen zu können, bedarf es allerdings der genauen Baupläne der Waffe. Zusammen mit dem Spion Cassian Andor und einer Schar unerschrockener Kämpfer bricht Jyn daraufhin zu dem Planeten Scarif auf, um die dort lagernden Baupläne des Todessterns zu erbeuten. Ein Himmelfahrtskommando, zumal der Rat der Rebellen aufgrund der vagen Informationen jegliche Unterstützung verweigert.',28,133,2,'/xRGeAT2dAYmHT5ucsYBj4xegKdV.jpg','/6t8ES1d12OzWyCGxBeDYLHoaDrT.jpg',7),(21,'Star Wars: Episode II - Angriff der Klonkrieger','Der junge Jedi-Schüler Anakin Skywalker beginnt sich allmählich zu einem grossen und ernstzunehmenden Jediritter zu entwickeln, der unter der Führung von Obi Wan-Kenobi steht. Jedoch hat er auch seine Problemzonen - diese bestehen aus der eigenen Arroganz, seiner nicht wissentlich vorhandenen grenzenlosen Macht, und der ihm verbotenen Liebe zu Königin Amidala. Auf diese werden kurz vor wichtigen Entscheidungen im Senat der Republik mehrere Attentate verübt, die jedoch vereitelt werden können. Daraufhin teilen sich Anakin und Obi-Wan auf: während Anakin auf Amidala aufpaßt, verfolgt Kenobi den Attentäter Jango Fett. Er kommt einer erschaffenen Klon-Armee auf die Spur, die mittels mysteriösem Auftrag geschaffen wurde und findet in dem ehemaligen Jedi Count Dooku einen neuen Gegner für die Hüter der Macht...',12,142,2,'/zPVqU4O2XtDzy9Adva0CBX6PoJc.jpg','/3UBtmYaY3lm8wGZIa0KK1YazEX8.jpg',7),(22,'Star Wars: Episode III - Revenge of the Sith','The evil Darth Sidious enacts his final plan for unlimited power -- and the heroic Jedi Anakin Skywalker must choose a side.',12,140,2,'/xfSAoBEm9MNBjmlNcDYLvLSMlnq.jpg','/uuh6uNEGqLCU7wQ2L4xMqYv0DPr.jpg',7),(23,'Star Wars: Episode I - Die dunkle Bedrohung','Nachdem der friedliche Planet Naboo von der Handelsföderation angegriffen wurde, müssen die Jedi-Ritter Qui-Gon Jinn und Obi-Wan Kenobi gemeinsam mit Königin Amidala auf dem Wüstenplaneten Tatooine notlanden. Dort bekommen sie Hilfe von Anakin Skywalker, einem Sklavenjungen, in dem die Macht ungewöhnlich stark ist. Als es Königin Amidala nicht gelingt, den Senat gegen die Handelsföderation zu mobilisieren, kehrt sie mit den Jedi-Rittern und Anakin nach Naboo zurück, um den Kampf allein fortzusetzen. Eine gewaltige Schlacht beginnt!',12,136,2,'/mxhaOjcX1BdWw26s6c8vcZeKqzj.jpg','/5fu7fzy4NZTsL1Jap00UBIInAuB.jpg',7),(24,'Die Rückkehr der Jedi-Ritter','Wesen aus allen Ecken der Galaxis treffen die Vorbereitungen für die entscheidende Schlacht gegen die Streitkräfte des Imperiums. Ziel der Aktion ist die totale Zerstörung des zweiten Todessterns, dessen unvorstellbare Feuerkraft ganze Planeten vernichten kann. Inzwischen ist Han Solo immer noch in der Wüstenfestung des mächtigsten und skrupellosesten Verbechers des Universums, Jabba the Hutt, gefangen. Luke Skywalker gelingt es schließlich zusammen mit seinen Gefährten Prinzessin Leia, Chewbacca und Lando Calrissian, sowie den beiden Robotern C3PO und R2D2 mit Han zu fliehen. Aber Luke steht die schwerste Prüfung noch bevor: Während auf dem Waldmond Endor und beim Todesstern die alles entscheidende Schlacht entbrennt, muß er sich seinem Erzfeind Darth Vader zu einem Zweikampf auf Leben und Tod stellen...',12,134,2,'/nBCUkvi2IXYeRA7V7ZSsdetmgOB.jpg','/zgLadRY6f8Ydgf9sKpiq3tPYBUM.jpg',8),(25,'Das Imperium schlägt zurück','Nach der Zerstörung des Todessterns geht der Kampf zwischen den Rebellen und dem herrschenden Imperium weiter. Die Rebellen haben sich auf den Eisplaneten Hoth zurückgezogen, doch das Imperium spürt sie auf und zerstört nach hartem Kampf die dortige Basis. Daraufhin teilen sich unsere Freunde auf: Luke gerät mit R2-D2 auf den Sumpfplaneten Dagobah, wo er von dem alten Jedi-Meister Yoda eine Ausbildung im Umgang mit der Macht erhält, während Leia, Han Solo und die anderen sich nach Bespin durchschlagen, wo in einer Wolkenstadt ein alter Freund von Han residiert. Doch dort geraten sie in eine Falle des Imperiums, und Luke muß ihnen zu Hilfe kommen und Darth Vader zu einem Duell herausfordern...',12,124,2,'/3gf6BSpJziIgOSXIeFDcjfLnncM.jpg','/aJCtkxLLzkk1pECehVjKHA2lBgw.jpg',8),(26,'Indiana Jones und der letzte Kreuzzug','Wir schreiben das Jahr 1938: Doktor Jones wird vom Mäzen eines Museums beauftragt, den Heiligen Gral und somit die wichtigste Reliquie der Christenheit zu finden. Jones\' Einwand, es würde der falsche Jones gefragt werden, denn der eigentliche Experte sei sein Vater Henry, fördert nur die Erkenntnis zu Tage, dass Jones senior bereits die Spur aufgenommen hatte, mittlerweile aber verschwunden ist. Nun ist des Doktors Jagdinstinkt geweckt. Besorgt um das Wohlergehen des Vaters und mit dem Museumskurator Marcus Brody im Gepäck tritt Jones eine Reise in die alte Welt an, um das zustande zu bringen, was die mittelalterlichen Kreuzzüge nicht geschafft hatten: den Kelch zu finden, der beim letzten Abendmahl gereicht worden war und das Blut Jesu am Kreuz aufgefangen hatte. Erwartungsgemäß ist aber nicht nur der Doktor auf der Suche - auch die Schergen Hitlers wollen sich die Sagen umwobenen Kräfte des Kelches sichern, verheißt er doch das ewige Leben…',12,127,2,'/kaAhHlHv2SU7AK5xOMYzsqe2mrr.jpg','/je2QsgBLEy4lzsvWprwfoZKmIX1.jpg',8),(27,'Indiana Jones und der Tempel des Todes','Indiana Jones kehrt zurück! Nachdem er bei der Erringung eines Diamanten in einem Nachtclub in Shanghai beinahe vergiftet, erdolcht und erschossen wurde, flieht er mit einer halbhysterischen Clubsängerin und seinem jungen asiatischen Freund Short Round mit einem Flugzeug. Doch über Indien wird auch hier ein Mordversuch gegen sie ausgeführt und alle drei müssen abspringen. Sie gelangen in ein Dorf, aus dem heilige Steine und sämtliche Kinder entführt wurden. Die Spur führt zu einem Fürstenpalast im Dschungel, wo sie einem machtgierigen Jungfürsten auf die Spur kommen, der die Kinder in den Minen arbeiten läßt. Doch hinter ihm steht ein noch machtvollerer Sektenführer...',12,118,2,'/7NBTcdNtaTEYoKRP8VdXRgWO6rk.jpg','/iO73omOyLwUPW22EpaZkJNC72ec.jpg',7),(28,'Indiana Jones und das Königreich des Kristallschädels','1957 in der Wüste Nevadas, der Kalte Krieg ist in vollem Gange und Indiana Jones den Russen in die Hände gefallen. Indy gelingt die Flucht, doch die Russen – unter der Führung von Irina Spalko, Stalins Lieblingsagentin und ihres Zeichens Parapsychologin, - entwenden ein mysteriöses Skelett, das offenbar in Verbindung mit dem Verschwinden von Indys altem Freund und Kollegen Harold Oxleys steht, der in Peru verschollen ist. Gemeinsam mit Oxleys Ziehsohn Mutt macht sich Indy im Dschungel des Amazonas auf die Suche nach dem legendären Kristallschädel, dem magische Kräfte nachgesagt werden und der Oxley offenbar in den Wahnsinn getrieben hat. Eine Schatzsuche auf Leben und Tod beginnt.',12,122,2,'/2ycEOvqsjdvKqQkybBtLUmcqxLK.jpg','/sL0vdRNTaKcaXDUIacw1ykvehoL.jpg',6),(29,'Captain Marvel','Bei einem Einsatz wird die Kree-Soldatin Vers von den Skrull gefangengenommen. Als die Gestaltenwandler auf Anweisung ihres Kapitäns Talos versuchen, mit einer Maschine Informationen aus dem Gehirn ihrer Geisel herauszuziehen, kann Vers mit einer Fluchtkapsel entkommen, woraufhin sie anschließend in den USA der 1990er Jahre durch das Dach einer Videothek kracht. Während die S.H.I.E.L.D.-Agenten Nick Fury und Phil Coulson erst einmal alles daransetzen, die vermeintliche Außerirdische zu fangen, findet Vers schon bald heraus, dass sie offenbar schon einmal auf diesem Planeten war und unter dem Namen Carol Danvers als Kampfpilotin für das US-Militär gearbeitet hat …',28,124,2,'/rswtOkjZw3VhwPuTlOao3AiBRmz.jpg','/w2PMyoyLU22YvrGK3smVM9fW1jj.jpg',7),(30,'Iron Man','Der Großindustrielle und Erfinder Tony Stark weiß zu leben: Als Milliardär liegen ihm die Frauen zu Füßen, er feiert Partys im Privatjet und verspielt Riesensummen im Casino, während seine Rüstungsfirma unter Obadiah Stane Rekordumsätze erzielt. Bei einem Waffentestlauf in Afghanistan wird er jedoch Opfer eines Bombenanschlags. Stark überlebt schwer verletzt und wird von einer Gruppe Aufständischer unter Führung des Warlords Raza dazu gezwungen, eine Superwaffe zu entwickeln. Es gelingt ihm jedoch, heimlich eine eiserne Schutzrüstung zu bauen, die ihn dank neuster Technologie zu Superkräften befähigt. Nach einer spektakulären Flucht zurück in die USA muss sich der Iron Man allerdings einem ersten übermächtigen Gegner stellen.',28,125,2,'/ouJv7stk6mTGWfOV9qj1cIV6LQ5.jpg','/s6cQgJSkviamXAXBggT2xmj7JiG.jpg',8),(31,'Iron Man 2','Tony Stark ist Iron Man. Nach der Öffentlichmachung dieser Doppelidentität sonnt sich der selbstverliebte Egomane in seinem noch jungen Ruhm als eiserner Weltenretter. Die Eröffnung der eigenen Expo inszeniert er wie ein Popkonzert, den Begehrlichkeiten des US-Militärs hinsichtlich seines Kampfanzugs erteilt er bei einem Untersuchungsausschuss vor laufenden Kameras eine arrogant-zynische Absage. Erst als ihm der russische Physiker und Exsträfling Ivan Vanko bei einem Show Grand Prix in Monte Carlo die Grenzen seiner Erfindung aufzeigt, bekommt Starks ehernes Ego erste Kratzer. Dazu kommt eine von Starks lebenswichtigem Minireaktor ausgehende Paladium-Vergiftung, die, sofern er keine Ersatzquelle auftut, unweigerlich zu seinem Tod führt.',12,125,2,'/p1iLvWMorOxVgXU2ncspa9lwM7s.jpg','/7lmBufEG7P7Y1HClYK3gCxYrkgS.jpg',7),(32,'Iron Man 3','Die Dellen, die sich Iron Man im Kampf gegen seine Widersacher Justin Hammer und Ivan Vanko zugezogen hatte, sind kaum ausgebeult, da droht neue Gefahr. Ein streng geheimes Serum, welches Extremis genannt wird und auf Nanotechnologie basiert, ermöglicht es den mit dem Serum injizierten Menschen, ungeahnte Kräfte zu entwickeln, allerdings mit einer Tendenz zu ungezügelter Aggressivität. Aldrichs Kollegin Maya Hansen, baut auf die Hilfe von Visionär Tony Stark. Währendessen bedroht eine dunkle Macht in Gestalt von The Mandarin die Welt und möchte dem Wettrüsten ein Ende zu seinen Gunsten setzen. Dabei verübt er einen Anschlag auf die amerikanische Regierung und dessen Präsidenten, sowie auf die Air Force, bei der Tony Starks Freund Rhodey dient. Als ein Anschlag auf Tony Starks Eigenheim folgt, geraten er und Pepper Potts in große Gefahr…',28,140,2,'/knR7VcssKWAmDrKrsbr3aiWB0Ng.jpg','/tKa1gmGKAUVYnflYcadipeL3d9h.jpg',7),(33,'Der Gigant aus dem All','Der kleine Hogarth hat eine blühende Phantasie, aber diesmal bildet er sich wirklich nichts ein: Der Gigant, den er im Wald findet - eine Art Riesenroboter aus dem All - ist ganz real! Von nun an hat Hogarth einen großen Freund, der aber immer wieder für Schwierigkeiten sorgt. Denn obwohl der Riese im Grunde harmlos ist, sind die Bürger des nahen kleinen Städtchens erschrocken und glauben sich in Gefahr. Ein von der Regierung geschickter Agent soll Abhilfe schaffen. Doch mit Mut und selbstlosem Einsatz gelingt es den beiden Verbündeten, die Stadtbewohner rechtzeitig von Ihren Ängsten und Vorurteilen zu befreien. In solchen Zeiten merkt man, aus welchem Stoff wahre Freude gemacht sind - manchmal sogar aus Eisen.',10751,86,2,'/2bLyKFp5g3DOsCS2OPYrPCk3w0r.jpg','/wfClZdRb1x4LZ8B73Y9RSn8XAPa.jpg',8),(34,'Iron Sky','Gegen Ende des 2. Weltkrieges gelang es den Nazis von einer geheimen Basis in der Antarktis aus mehrere Raumschiffe gen Mond zu schicken. Auf der dunklen Seite des Mondes errichten sie die Basis Schwarze Sonne, wo sie ihre Kräfte sammeln und an dem Aufbau einer gewaltigen Invasionsarmee basteln. Nun 2018 ist die Zeit reif: Die Nazis kehren zur Erde zurück, fest entschlossen, dieses Mal zu gewinnen.',28,93,2,'/tX5h6TZ84loTbU1YAWO0JhfzAaM.jpg','/bMVhgI3jFvsoDeCseRsaxYR1nUA.jpg',6),(35,'Captain America: The First Avenger','1942 – die USA ziehen in den Kampf gegen Hitler-Deutschland. Steve Rogers wird auf Grund seines Gesundheitszustands als ungeeignet eingestuft. Mit Hilfe des Project: Rebirth soll er trotzdem in den Kampf gegen Nazis ziehen. Der kränkliche Steve wird in eine Art Super-Soldaten namens Captain America transformiert. Hilfe bekommt der neue Superheld dabei von seinem Freund Bucky Barnes. Gemeinsam kämpfen sie gegen Red Skul, Hitlers Geheimwaffe im Krieg gegen den Rest der Welt.',28,124,2,'/AqnvU0lPV3LW1XcjmjkQk3w1PxL.jpg','/yFuKvT4Vm3sKHdFY4eG6I4ldAnn.jpg',7),(36,'The First Avenger: Civil War','Als bei einem Einsatz der Avengers in Lagos zwar der Diebstahl eines biologischen Kampfstoffes verhindert wird, dabei aber mehrere Zivilisten sterben, beschließen die Vereinten Nationen ein neues Gesetz, das die Avengers unter ihre Aufsicht bringen soll. Während Tony Stark alias Iron Man für eine Kontrolle der Superhelden votiert, stimmt Steve Rogers alias Captain America für ihre Unabhängigkeit. Auch die Teammitglieder sind uneinig und verteilen sich auf die beiden Wortführer. Als ein Bombenattentat auf jene UN-Versammlung verübt wird und man als vermeintlichen Schuldigen Steves alten Freund Bucky Barnes, nun als Winter Soldier bekannt, ausmacht, verschärft sich die Lage. Nachdem Steve Anweisungen missachtet und versucht Bucky auf eigene Faust zu stellen, damit dieser bei seiner Verhaftung nicht getötet wird, kommt es zu immer offeneren Animositäten zwischen den Superhelden ...',12,147,2,'/xTB5V5NtlGP8iTyKNiwi4rAZ0ye.jpg','/7FWlcZq3r6525LWOcvO9kNWurN1.jpg',7),(37,'Der unglaubliche Hulk','Nachdem er bei einem biochemischen Experiment so stark verstrahlt wurde, dass er sich, wann immer er gereizt oder wütend wird, in das grüne Monstrum Hulk verwandelt, lebt der Wissenschaftler Bruce Banner ein zurückgezogenes Leben im brasilianischen Exil. Dorthin hat es ihn auf der Flucht vor dem Militärgeneral Ross verschlagen, der alles unternimmt, um den ehemaligen Freund seiner Tochter Betty für seine Zwecke zu missbrauchen. Während sich für Banner die Uhr rückwärts dreht, er nach einem Gegenmittel für die Mutation forscht und seine Wut unter Kontrolle zu bringen versucht, unterläuft ihm ein Missgeschick: General Ross gelingt es, Banner ausfindig zu machen. Auf der Flucht vor dem Militär und dem ehrgeizigen Soldaten Blonsky sucht er Zuflucht bei Betty, die ihm dabei hilft, die unfreiwilligen Superkräfte zu kontrollieren. Blonsky hat sich Banners einstige Formel zueigen gemacht und ist zur Kampfbestie Abomination mutiert.',878,114,2,'/da9BIV6TYKFF7HkzR673KNnJmee.jpg','/jPu8yiadqgzwFPGKJmGo637ASVP.jpg',6),(38,'Avengers: Endgame','Thanos hat also tatsächlich Wort gehalten, seinen Plan in die Tat umgesetzt und die Hälfte allen Lebens im Universum ausgelöscht. Die Avengers? Machtlos. Iron Man und Nebula sitzen auf dem Planeten Titan fest, während auf der Erde absolutes Chaos herrscht. Doch dann finden Captain America und die anderen überlebenden Helden auf der Erde heraus, dass Nick Fury vor den verheerenden Ereignissen gerade noch ein Notsignal absetzen konnte, um Verstärkung auf den Plan zu rufen. Die Superhelden-Gemeinschaft bekommt mit Captain Marvel kurzerhand tatkräftige Unterstützung im Kampf gegen ihren vermeintlich übermächtigen Widersacher. Und dann ist da auch noch Ant-Man, der wie aus dem Nichts auftaucht und sich der Truppe erneut anschließt, um die ganze Sache womöglich doch noch zu einem guten Ende zu bringen …',12,181,2,'/mrh5A3uIE9wDDzPSiBe70YSHvrK.jpg','/7RyHsO4yDXtBv1zUU3mTpHeQ0d5.jpg',8),(39,'Avengers: Infinity War','Der mächtige Titan Thanos  hat es sich zur Aufgabe gemacht das halbe Universum auszulöschen. Um diesen perfiden Plan Realität werden zu lassen, benötigt er allerdings zuerst alle sechs Infinity-Steine, die ihm in Verbindung mit einem speziell gefertigten Handschuh, gottgleiche Kräfte verleihen. Da sich unglücklicherweise auch auf der Erde zwei dieser Steine befinden, betraut er seine treu ergebene Black Order mit deren Beschaffung. Sowohl die Avengers, als auch die Guardians of the Galaxy und Thor erfahren jedoch von Thanos\' Plänen und stellen sich dem Schurken entgegen. Doch mit einen derart mächtigen Gegner hatte es bisher keiner von ihnen zu tun...',12,150,2,'/937W3gfK3ZlRmganH9byKrGv03z.jpg','/lmZFxXgJE3vgrciwuDib0N8CfQo.jpg',8),(40,'Marvel\'s The Avengers','Nick Fury ist der Anführer der Organisation S.H.I.E.L.D., einer internationalen Friedensorganisation. Die Behörde ist ein Who\'s Who der Marvel Superhelden, mit Iron Man, Thor, Captain America, Hawkeye, dem Unglaublichen Hulk und Black Widow. Als die weltweite Sicherheit von Thors sinistrem Halbbruder Loki und seiner Schar bedroht wird, werden Nick Fury und sein Team all ihre Kräfte brauchen, um die Welt vor einer Katastrophe zu bewahren ...',878,143,2,'/yHdPTs239Cqce1s6y9figbeolR1.jpg','/nNmJRkg8wWnRmzQDe2FwKbPIsJV.jpg',8),(41,'Avengers: Age of Ultron','Milliardär, Lebemann und Genie Tony Stark aka Iron Man will ein inaktives Friedensprogramm in Gang bringen, doch dabei geht etwas schief. So taucht der niederträchtige Roboter-Bösewicht Ultron auf und verfolgt Pläne zur Ausrottung der Menschheit. Nun ist es an den Helden, sich wieder zu sammeln und das schreckliche Schicksal der Welt abzuwenden. Zusammen mit Iron Man treten Thor, Captain America, Hulk, Black Widow und Hawkeye dem fiesen Ultron entgegen und bekommen dabei Unterstützung von den ehemaligen S.H.I.E.L.D.-Agenten Nick Fury und Maria Hill. Außerdem kreuzen die geheimnisvollen und mit besonderen Fähigkeiten ausgestatteten Newcomer Wanda und Pietro Maximoff den Weg der Helden, wie auch ein alter Bekannter in neuer Gestalt: Vision. Die Rächer müssen ihre Kräfte vereinen, unsichere Allianzen schmieden und auf unerwartete Aktionen reagieren, um die Bewohner der Erde einmal mehr vor dem drohenden Untergang zu bewahren.',28,141,2,'/5JzVWJvjOe9Y9YOrg8iOsLJDNne.jpg','/xnqust9Li4oxfhXD5kcPi3UC8i4.jpg',7),(42,'Guardians of the Galaxy Vol. 2','Gerade erst sind in Guardians of the Galaxy aus Feinden Freunde geworden und schon machen die fünf Verbündeten gemeinsam das All unsicher. Peter Quill, Gamora, Rocket Raccoon, Groot und Drax the Destroyer bereisen als Weltraum-Abenteurer diesmal nicht nur bereits bekannte Orte, sondern stoßen auch in neue Winkel der Galaxie vor.  Nachdem die vergangenen Erlebnisse ihnen einige Rätsel aufgegeben haben, machen sie sich nun daran, diese zu lösen. ‘Star-Lord’ Peter Quill hat beispielsweise gerade entdeckt, dass er nicht rein menschlicher Herkunft ist, und - auch wenn er es noch nicht weiß - rückt ein Zusammentreffen mit seinem Vater nun in greifbare Nähe.',12,137,2,'/txB1e1QSR2sedZsCjGBMgiT8hPm.jpg','/xpFIaHL7Rm5kKLcEPDEMpjh4Xq6.jpg',8),(43,'Guardians of the Galaxy','Nachdem der Abenteurer Peter Quill eine geheimnisvolle Kugel gestohlen hat, wird er das Opfer einer unerbittlichen Kopfgeldjagd mit Ronan the Accuser. Die Ziele des mächtigen Bösewichts bedrohen die Sicherheit des Universums. Um dem hartnäckigen Ronan und seinen Schergen zu entgehen, ist Quill gezwungen, einen nicht gerade einfach einzuhaltenden Waffenstillstand mit einem Quartett von ungleichen Außenseitern einzugehen - dazu gehört der waffenliebende Waschbär Rocket, der Baummensch Groot, die tödliche und rätselhafte Gamora und der rachsüchtige Drax the Destroyer. Als Peter dann die wahre Macht der Kugel und dessen Bedrohung für den Kosmos bewusst wird, muss er sein Bestes geben, um die bunt zusammengewürfelten Rivalen für einen letzten, verzweifelten Widerstand zu vereinen und eine Helden-Truppe aus ihnen machen - denn das Schicksal der Galaxie steht auf dem Spiel.',28,122,2,'/1YI54saM67SsvIOmYbdBdnsuLH7.jpg','/2UFxrUHVuSK3Tth7DvQQlF4mGTd.jpg',8),(44,'Thor','Der mächtige Thor ist ein überragender Krieger im Königreich Asgard, dessen Überheblichkeit und Arroganz seine größte Schwäche ist. Wegen seiner Gedankenlosigkeit wird ein lange vergessen geglaubter Krieg neu entfacht. Die Strafe folgt umgehend: Unter den Menschen soll Thor auf der Erde Demut lernen, was dem Krieger zunächst nicht leicht fällt. Doch dann ist er zur Stelle, als es die Menschheit mit einem übermächtigen Gegner zu tun bekommt, der Unterstützung aus Asgard zu erhalten scheint.',12,115,2,'/wtHxoL3zFjIrjZBCGlRTb8ao1IW.jpg','/n5zyJxk4q2dh4ep95MnvKC1y0VC.jpg',7),(45,'Thor: Tag der Entscheidung','Donnergott Thor wird auf der anderen Seite des Universums gefangengenommen. Ohne seinen nützlichen Hammer Mjölnir scheint eine Flucht nahezu ausgeschlossen. Dabei läuft ihm allmählich die Zeit davon. Denn die ebenso mächtige wie erbarmungslose Hela, die nach jahrtausendlanger Gefangenschaft aus ihrem Gefängnis freigekommen ist, macht sich daran, die Macht auf Thors Heimatwelt Asgard zu übernehmen. Um das zu verhindern, setzt Thor alles daran, nach Hause zurückzukehren. Zwischen ihm und seiner Freiheit stehen jedoch tödliche Gladiatorenkämpfe auf dem Planeten Sakaar, die Mülldeponie des Universums. Bei einem dieser Duelle trifft Thor auf den Ex-Avenger und seinen früheren Mitstreiter Hulk den beliebtesten und erfolgreichsten Kämpfer auf Sakaar…',28,131,2,'/8etFULS6CRN39vvXykQH1mUD1yB.jpg','/kaIfm5ryEOwYg8mLbq8HkPuM1Fo.jpg',8),(46,'Thor - The Dark Kingdom','Thor und Loki kehren in ihre Heimat Asgard zurück, wo Göttervater Odin darüber entscheidet, wie mit dem adoptierten Prinzen verfahren werden soll. Währenddessen erhebt sich eine andere Macht in einem der 9 Realms. Der Dunkelelf Malekith scharrt eine Armee uralter Wesen und Monster um sich, mit denen er nicht nur Asgard, sondern den ganzen Kosmos bedroht.  Der Donnergott trifft in Thor 2: The Dark Kingdom auf seine Angebetete Jane, die von einem Dämon besessen ist, dessen Verbingung mit den Dunkelelfen sehr nahe liegt. Thor muss also nicht nur seine Menschenfreundin retten, sondern auch eine eigene Streitkraft zusammenstellen, mit der er Malekith besiegen kann. Dafür muss er in die düstersten Ecken Asgards vordringen, wobei ihm jedoch nur eine Person helfen kann: Loki.',28,112,2,'/rB2eweljGVC5VPqgusHsVgFgDbU.jpg','/uhYoytlNaq46dG81wLmHqaSuzWu.jpg',7),(47,'Ant-Man','Als Hank Pym den smarten Superdieb Scott Lang für einen großen Coup anwirbt, setzt der Knastveteran seine Qualitäten erstmals für das Gute ein. Um zu verhindern, dass Pyms Technologie, mit der Belebtes und Unbelebtes auf Miniaturgröße geschrumpft werden kann, militärisch genutzt wird, soll Lang die Fortschritte von Pyms skrupellosem Kontrahenten Cross sabotieren und dessen Spezialanzug stehlen. Doch dafür muss Lang ein Superheldentraining absolvieren und lernen, ein Heer von Ameisen für seinen Raubüberfall zu kontrollieren.',878,117,2,'/i19WDSF030UObPPf60qkM0Hl03x.jpg','/a7sAqMKv5tkAdMzFfIhPqIBmQ9g.jpg',7),(48,'Ant-Man and the Wasp','Scott Lang hadert  mit den Konsequenzen seiner Taten als Superheld und Vater. Auf Drängen von Hope van Dyne (alias Wasp) und Dr. Hank Pym schlüpft er erneut in die Rolle des Ant-Mans und taucht in die Quantenwelt ein, um eine sehr gefährliche Rettungsmission gegen die Zeit und jede Chance auf Erfolg durchzuführen.',28,118,2,'/41imUCjSKoBjPUrfeCqib8KAvHS.jpg','/6P3c80EOm7BodndGBUAJHHsHKrp.jpg',7),(49,'Matrix','Der Hacker Neo wird übers Internet von einer geheimnisvollen Untergrund-Organisation kontaktiert. Der Kopf der Gruppe – der gesuchte Terrorist Morpheus – weiht ihn in ein entsetzliches Geheimnis ein: Die Realität, wie wir sie erleben, ist nur eine Scheinwelt. In Wahrheit werden die Menschen längst von einer unheimlichen virtuellen Macht beherrscht – der „Matrix“, deren Agenten Neo bereits im Visier haben …',28,136,2,'/dL0n7ciODbtGj7V7i0X0PEaU8We.jpg','/y9wuhlrqSHvhTLNVNwKMKe6HZzY.jpg',8),(50,'Matrix Reloaded','Die Wächter schwärmen aus. Smith klont sich. Neo fliegt … aber vielleicht kann selbst der Auserwählte mit seinen atemberaubenden neuen Fähigkeiten den Angriff der Maschinen nicht mehr aufhalten.  Neo. Morpheus. Trinity. Zurück im spannenden zweiten Kapitel der Matrix-Trilogie treffen sie auf außergewöhnliche Verbündete: Gemeinsam bekämpfen sie ihre Gegner, die sich klonen, durch Upgrades immer stärker werden und die letzte Festung der Menschheit belagern.',12,138,2,'/tdTDA9z2laqYJOHBIrMnEYI8Lg8.jpg','/hgg12QdHLZrfkposbefF7Goo6nN.jpg',7),(51,'The Matrix Revolutions','The human city of Zion defends itself against the massive invasion of the machines as Neo fights to end the war at another front while also opposing the rogue Agent Smith.',12,129,2,'/ynMQ4nVwkoP2gLxXXDgcdltihTD.jpg','/533xAMhhVyjTy8hwMUFEt5TuDfR.jpg',7),(52,'Men in Black','Nur die Men In Black kennen das bestgehütete Geheimnis der Welt: auf der Erde wimmelt es von Aliens! Außerirdische der unterschiedlichsten Art haben sich, als Menschen getarnt, auf dem Planeten breitgemacht. Einige werden geduldet, andere aufgespürt, gejagt, vertrieben. Und diesen Job erledigen die beiden zähesten unter den Alienjägern, die Agenten Mr. K und Mr. J. Doch dann landet ein intergalaktisches Riesenmonster auf der Erde - sein Ziel: die totale Vernichtung der Welt. Trotz optimaler High-Tech-Bewaffnung haben die beiden Super-Agenten jetzt einen lebensgefährlichen Auftrag. Als sie die Fährte des außerirdischen Eindringlings aufgenommen haben, scheint es fast zu spät zu sein - eine globale Katastrophe bahnt sich an...',28,98,2,'/pOGMcnFK1ho9wolcKVgmiTYZyNb.jpg','/iEVZScwA2vy8BlVOFBBCfbU6XxB.jpg',7),(53,'Men in Black II','Agent J muss die Erde wieder vor einigem Abschaum bewahren, denn in Gestalt des verführerischen Dessous-Models Serleena will ein Alien den Planeten unterjochen. Dabei benötigt J die Hilfe seines alten Partners Agent K. Der wurde aber bei seiner “Entlassung” geblitzdingst, und so muß J seine Erinnerung erst mal etwas auffrischen bevor es auf die Jagd gehen kann.',28,88,2,'/k3NAgC1D8PewCVhAq83vfomVjC9.jpg','/k22mrpAzZNRR5ktD5Wb7rMlxemS.jpg',6),(54,'Men in Black 3','Die Vergangenheit droht Agent K einzuholen. Denn vor mittlerweile 40 Jahren hat er den gefährlichen Alien-Verbrecher Boris verhaftet, wobei dieser seinen Arm verlor. Seitdem sitzt Boris in einem geheimen Gefängnis am Mond und sinnt auf Rache. Doch mit Hilfe der hübschen Lilly gelingt Boris die Flucht und er macht sich rasch auf die Jagd nach K. Doch er will ihn nicht etwa einfach töten, sondern in die Vergangenheit reisen, K umbringen und gleichzeitig seinen Arm retten. Da K plötzlich wie vom Erdboden verschwunden ist und sich nur sein Partner Agent J an ihn erinnern kann scheint das unterfangen auch gelungen zu sein - doch J lässt das natürlich nicht auf sich sitzen, reist ebenfalls in die Vergangenheit und arbeitet mit dem jungen K zusammen um Boris aufzuhalten...',28,106,2,'/9kWJZg0iTEhAE5vXjluA5KDyUJK.jpg','/44mAbdjGrJJQ4hzkKx2Z2EsninZ.jpg',6),(55,'Der Herr der Ringe - Die zwei Türme','Der Weg der Gefährten hat sich geteilt. Ringträger Frodo und sein treuer Begleiter Sam treffen in den Bergen von Emyn Muil auf Gollum, dem einst Bilbo Beutlin den Einen Ring wegnahm. Gollums Versuch, den mächtigen Ring von Frodo zu stehlen, misslingt, doch die Hobbits bringen es nicht übers Herz, die Kreatur zu töten. Stattdessen soll Gollum die beiden nach Mordor an die Pforten von Barad-Dûr, Saurons Festung, führen, wo Frodo den Ring vernichten will. Währenddessen folgen Aragorn, Elben-Bogenschütze Legolas und Zwerg Gimli den Spuren der von Orks verschleppten Hobbits. Im Menschenkönigreich Rohan ersuchen sie Unterstützung. Doch König Theoden steht unter einem tödlichen Bann Saurons. Erst als Gandalf als wiedergeborener weißer Zauberer zurückkehrt, wendet sich das Blatt. Er befreit Theoden von dem Fluch und bringt die Menschen von Rohan hinter sich. Unterdessen rückt Saurons Verbündeter Saruman mit einer 10.000 Mann starken Armee von Uruk-hais in RIchtung der Menschenstadt vor...',12,179,2,'/tgBCeAjPwXeUaf8LsRL0LzBIcdR.jpg','/7tNTPZMb13W0AhkcuoL6myRrNRr.jpg',8),(56,'Der Herr der Ringe - Die Gefährten','Dem Hobbit Bilbo Beutlin fällt zufällig ein machtvoller Ring in die kleinen Hände. Dieses Schmuckstück erlaubte es dem finsteren Herrscher Sauron einst, die Welt zu unterjochen. Der Ring schien über Jahrhunderte verloren, bis Bilbo ihn an sich nahm und seinen „Schatz“ sechzig Jahre lang bewahrte. An seinem 111. Geburtstag gibt er ihn schweren Herzens an seinen Neffen Frodo weiter und verlässt seine Heimat Mittelerde. Für den jungen Hobbit Frodo wird der Ring jedoch zur schweren Bürde. Der böse Geist Saurons, der in dem „Einen“ gefangen ist, wird immer stärker. Frodo bleibt nur eine Möglichkeit: Er muss ihn vernichten. Allerdings ist das nicht gerade einfach. Nur in den ewigen Feuern des Schicksalsberges im Lande Mordor, wo der Ring geschmiedet wurde, kann er auch vernichtet werden. Doch bis dahin muss Frodo an der Seite des Zauberers Gandalf und seiner Gefährten durch Feindesland ziehen, immer verfolgt von Saurons Lakaien …',12,179,2,'/k6lw7hhaMDzJ170bfZfBbnipxcW.jpg','/tdmlSbLl84hfHx635AqHLB8Qh8M.jpg',8),(57,'Der Herr der Ringe - Die Rückkehr des Königs','Saurons Heer will Minas Tirith angreifen, die in Felsen errichtete Hauptstadt von Gondor. Angesichts der Bedrohlichkeit des feindlichen Heeres wiegt es umso schwerer, dass Gondors König fehlt und nur der schwächliche Truchsess Denethor über das einst mächtige Königreich wacht. Wird Aragorn die Kraft aufbringen, jene Aufgabe zu übernehmen, für die sein Schicksal ihn bestimmt hat? Während Gandalf verzweifelt versucht, die mutlosen Kämpfer von Gondor zu motivieren, sammelt Théoden die Krieger von Rohan, um am Kampf teilzunehmen. Aber obwohl sie tapfer und leidenschaftlich Widerstand leisten, haben die Streitkräfte der Menschen dem überwältigenden Ansturm der feindlichen Legionen gegen das Königreich kaum etwas entgegenzusetzen. Jeder Sieg fordert große Opfer. Trotz der starken Verluste stellen sich die Gefährten der größten Schlacht ihres Lebens - vereint durch ein einziges Ziel: Sauron muss so lange abgelenkt werden, bis Frodo den Ring vernichtet hat...',12,201,2,'/uFjlP9U9UOZAzGB25HUtmlEpXbc.jpg','/a7p3RuCocDAwurgu2bJbAEhJagf.jpg',8),(58,'Der Hobbit - Eine unerwartete Reise','Mit dem Besuch des weisen Zauberers Gandalf verändert sich das beschauliche Leben eines Hobbits für immer. Zögerlich schließt sich der unbedarfte Bilbo mit Gandalf der Mission von 13 mutigen Zwergen an, die ihr Reich zurückerobern wollen. Der furchterregende Drache Smaug, der es einst zerstörte, ist seit Jahrzehnten verschwunden. Doch ist das Monstrum wirklich tot und können die großen Gefahren dieses Abenteuers, darunter gefräßige Orks und wütende Trolle, wirklich von so kleinen Helden überwunden werden?',12,166,2,'/bPYCAzOB3M3PZ91BpQzJeReKkP8.jpg','/xyXmtuvsoM5J3yNad0nvcetpBdY.jpg',7),(59,'Der Hobbit - Smaugs Einöde','Die Gefährten haben den Beginn ihrer unerwarteten Reise überstanden – auf ihrem Weg gen Osten begegnen sie nun dem Hautwechsler Beorn und im trügerischen Düsterwald einem Schwarm gigantischer Spinnen. Sie werden von den gefährlichen Waldelben gefangen genommen, können aber entkommen, erreichen Seestadt und schließlich den Einsamen Berg selbst, wo sie sich der größten Gefahr stellen müssen – einem Monster, das alle bisherigen an Grässlichkeit übertrifft: Der Drache Smaug fordert nicht nur den ganzen Mut der Gefährten heraus, sondern stellt auch ihre Freundschaft auf eine harte Probe – bis sie sich schließlich fragen müssen, ob ihre Reise überhaupt noch einen Sinn ergibt.',14,170,2,'/60O2sdzZcPX8vXyDOYHi7exrnil.jpg','/npCPnwDyWfQltGfIZKN6WqeUXGI.jpg',8),(60,'Der Hobbit - Die Schlacht der fünf Heere','Nachdem Smaug besiegt wurde, sitzt Thorin endlich auf dem Zwergenthron und hat sein Reich wieder. Doch der Kampf gegen den Drachen hat Spuren hinterlassen. Die Stadt Esgaroth wurde zerstört, ihre Bewohner sind nun obdachlos. Doch Thorin verweigert jede Hilfe genauso wie die Rückgabe von Teilen des Schatzes, die Smaug gestohlen hatte. Hobbit Bilbo versucht zwischen Zwergen, Elben und den Bürgern zu vermitteln, doch vergeblich. Thorin hält ihn für einen Verräter und auch Gandalf kann nichts mehr ausrichten. Es wird aufgerüstet und bald stehen sich die Armeen gegenüber…',28,144,2,'/mNZ4MxL0KdW9VBMXSAhiiGFDYaa.jpg','/zn13a7U9eMTJq8sHthe3bCgsVm4.jpg',7),(61,'Star Trek - Der Film','Eine mysteriöse Wolke nähert sich der Erde und zerstört alles, was sich ihr in den Weg stellt. In Anbetracht der drohenden Gefahr entreißt Admiral Kirk dem jungen Captain der soeben renovierten Enterprise, Willard Decker, das Kommando und eilt zusammen mit seiner schnell wieder zusammengefügten alten Crew dem todbringenden Gebilde entgegen. Kirk und seine Crew erfahren, dass die Wolke V’ger heißt und auf der Erde ihren Schöpfer zu finden hofft. Im Alleingang findet Spock dank der vulkanischen Gedankenverschmelzung heraus, dass sich unter der Wolke eine komplexe Maschine verbirgt. Kirk gelingt es, V’ger zu überzeugen, ihn mit ein paar Getreuen in das Innere der Wolke zu lassen. Dort will er ihr Geheimnis lüften.',878,132,2,'/gHBZf1nB9ntU2gFhjJHSZ0lAUvB.jpg','/tdEsBRophyizObx5ABwJkOUQHOA.jpg',6),(62,'Star Trek II - Der Zorn des Khan','Ohne es zu wissen, landet Chekov auf dem Planeten, auf den Kirk einst Khan verbannte. Der zwingt den Russen, seinen Ex-Captain herzulocken. Zugleich hat Khan es auf das Projekt Genesis abgesehen, das Kirks einstige Liebe Dr. Marcus zusammen mit ihrem gemeinsamen Sohn leitet. Es soll die Schöpfung fruchtbarer Welten auf öden Planeten ermöglichen. Als Kirk mit einer Enterprise voller Neulinge eintrifft, greift ein Föderationsschiff an. Khan führt dort das Kommando…',28,113,2,'/nVj2OavtEDWZYJhmrzs4oM8bhGM.jpg','/oXs8kp1oX5N0Mte6U8UUAwmLwt6.jpg',7),(63,'Star Trek III - Auf der Suche nach Mr. Spock','Spock ist tot! Die Stimmung unter seinen früheren Freunden ist entsprechend gedrückt. Auch Pille nimmt sich den Tod seines liebsten Diskussionspartners schwer zu Herzen, trotzdem verwundert es Kirk sehr, als er ihn in Spocks Kabine ertappt und ausgerechnet er sich genauso wie der tote Vulkanier benimmt. Kirk erfährt von Spocks Vater Sarek, dass Spock versucht haben muss, vor seinem Tod seinen Geist in jemand anderes zu übertragen – in McCoy? Tatsächlich finden Saavik und Kirks Sohn David Marcus, die beide auf dem Planeten Genesis zurückgeblieben sind, Spocks leeren Sarg und entdecken in der Nähe ein vulkanisches Kind ohne Gedächtnis, das rasant heranwächst…',878,105,2,'/iVe8L14X9DfXuQ8aCNwB4NQXo7q.jpg','/5lUpy6OrDhzdeAGBaM1mIsQvfOl.jpg',7),(64,'Star Trek IV - Zurück in die Gegenwart','Obwohl sie als Abtrünnige gelten, kehrt die Mannschaft der U.S.S. Enterprise zur Erde zurück. Sie stellen sich der Anklagen für die Taten, die sie im Laufe von Spocks Rettung begangen haben. Während sie noch im Anflug sind, wird die Erde von einer außerirdischen Sonde verwüstet. Sie verlangt Antwort von einer Lebensform, die nicht länger existiert. Kirk und seine Crew begeben sich an Bord eines gekaperten klingonischen Bird of Prey auf eine Reise durch Raum und Zeit, um die Erde zu retten. Sie entdecken dabei die wahre Bedeutung von Freundschaft wieder.',878,119,2,'/9rbtlijXa8X82U1pBARxSjkTppJ.jpg','/wN3dgwkiWSLrMVukPQIeccv5EJ6.jpg',7),(65,'Star Trek V - Am Rande des Universums','Captain Kirk, Spock und \"Pille\" McCoy machen gemütlich Urlaub auf der guten alten Erde; währenddessen geht auf der funkelnagelneuen Enterprise alles drunter und drüber, weil längst noch nicht alles funktioniert wie es soll. Mitten in dieses Chaos platzt ein verrückter Vulkanier namens Sybok, der die Enterprise entführt, um ins Zentrum des Universums vorzudringen. Sein Ziel heißt Shkari, der Planet der hinter den Grenzen liegt, die noch kein Sterblicher überschritten hat. Der fanatische Sybok glaubt fest daran, dass er auf Shakari dem Schöpfer allen Lebens gegenübertreten wird - Sybok sucht Gott. Für Kirk und Co. bedeutet dies der Anfang der erstaunlichsten Reise, die die Enterprise und ihre Besatzung jemals unternommen haben...',878,107,2,'/lB7BI5a52lXMkd9cxc3GeESICEz.jpg','/y0klN15XPVyYtd4P7HYecgJXSsZ.jpg',6),(66,'Star Trek VI - Das unentdeckte Land','Nachdem die Explosion eines klingonischen Mondes das Imperium in die Knie zwingt, liegt das fremdartige Konzept eines Friedens mit der Föderation in greifbarer Nähe. Ironischerweise soll gerade Admiral James T. Kirk als Botschafter den Frieden aushandeln. Alle Hoffnungen werden jedoch zunichte gemacht, als die Crew der U.S.S. Enterprise beschuldigt wird, einen klingonischen Diplomaten ermordet zu haben. Stattdessen stehen beide Seiten vor einem alles vernichtenden Krieg...',878,113,2,'/rb5Nhbc3aB2RIODKqvmlk3mNyNB.jpg','/nGJTamFPZ9V4JX5YpiOS0UDuwmx.jpg',7),(67,'Star Trek - Der Aufstand','Seit Anbeginn der Föderation stand die Erste Direktive fest: keine Expedition der Sternenflotte darf in die natürliche Entwicklung anderer Zivilisationen eingreifen. Aber jetzt wird Picard mit Befehlen konfrontiert, die dieses Gebot untergraben. Falls er gehorcht, werden 600 friedliche Bewohner der Ba\'ku gewaltsam aus ihrer bemerkenswerter Welt vertrieben - und das alles für den angeblich höher zu bewertenden Nutzen von Millionen, die von den Kräften des Jungbrunnens der Ba\'ku profitieren werden. Wenn er sich widersetzt, wird er sein Raumschiff, seine Karriere und sein Leben riskieren. Aber für Picard gibt es nur eine Entscheidung: Er muss gegen die Sternenflotte rebellieren - und den Aufstand anführen, um das Paradies zu retten...',878,103,2,'/sQ6Sc3ntrR4D7uIZxrDCE7fS7uC.jpg','/goNk0VDnUjxKjB6o69kYS5vvZo2.jpg',6),(68,'Star Trek - Der erste Kontakt','Captain Jean-Luc Picard und die Next-Generation-Crew brillieren in ihrem bisher nervenaufreibendsten Abenteuer - ein Science Fiction- Actionspektakel: gleichermaßen hervorragend wie einzigartig!  Sie nennen sich Borg. Ein Kollektiv - halb Mensch, halb Maschine - mit nur einem Ziel: alle Völker zu besiegen und anschließend zu assimilieren! Kopf des Kollektives ist die verführerische und sadistische Borg-Königin. Zusammen mit ihrem Volk befindet sie sich im direkten Kurs auf die Erde, mit dem Plan, die Geschichte zu verändern und dadurch die Menschheit zu vernichten! Picards letzte Begegnung mit den Borg hätte ihn fast das Leben gekostet - und jetzt will er Rache! Aber wie weit wird er gehen?',878,111,2,'/80cgO8puQO95G6EBpyt41Mxxiqw.jpg','/wygUDDRNpeKUnkekRGeLCZM93tA.jpg',7),(69,'Star Trek: Nemesis','Captain Jean-Luc Picard bekommt den diplomatischen Auftrag, mit den Romulanern Frieden zu schließen. Doch auf dem fremden Planeten angekommen sieht er sich mit seinem bösen, um 30 Jahre jüngeren Klon Shinzon konfrontiert, der sich vom Arbeitssklaven zum Anführer des Kriegervolks emporgeschwungen hat. Shinzon benötigt zum Überleben eine Gen-Transplantation von Picard, ehe er mit einer Waffe von gigantischer Zerstörungskraft daran gehen kann, alles Leben auf der Erde zu vernichten und die Föderation zu zerstören.',878,116,2,'/8fbElqIdiudqNAzw1K4X4aRjyF8.jpg','/6z9w8eidKWDDXwZNSVNaRolAYEP.jpg',6),(70,'Star Trek','Wir schreiben das 23. Jahrhundert. Der junge James Tiberius Kirk ist ein Draufgänger, der keiner Kneipenschlägerei aus den Weg geht und bevorzugt mit dem Kopf durch die Wand marschiert. Der Heißsporn bewirbt sich auf Rat eines alten Freundes seines verstorbenen Vaters bei der Sternenflotten-Akademie der Föderation und findet in dem kauzigen Arzt Dr. Leonard \"Pille\" McCoy sogar gleich einen neuen Kumpel. Ansonsten macht sich der Frauenheld auf der Akademie eher Feinde. So wie den Halb-Vulkanier Spock, dem auffällt, dass Tiberius bei einer Prüfung gemogelt hat. Die beiden entwickeln sich zu erbitterten Rivalen, müssen ihre Feindseligkeiten jedoch aufgeben, als die U.S.S. Enterprise vom Stapel läuft und Captain Pike bei einer Mission von dem romulanischen Outlaw Nero gefangen genommen wird, der nur von einem Gedanken beseelt ist: Rache!',878,127,2,'/hc79Rq2rqPYsiu2JjPB0gIEA9Yu.jpg','/hqzIuGbwAYMKljhoXwtFFfOrg1J.jpg',7),(71,'Star Trek Into Darkness','Die Crew der Enterprise wird nach Hause zurückbeordert, nur um festzustellen, dass eine unaufhaltsame Macht des Terrors aus den Reihen ihrer eigenen Organisation die Flotte und die Welt in einen Krisenzustand versetzt. Auch um eine persönliche Rechnung zu begleichen, macht sich Captain Kirk auf zu einer Jagd mitten in ein Kriegsgebiet, um eine Ein-Mann-Massenvernichtungswaffe zu finden und denjenigen, der sie einsetzen will. Unsere Helden sind dabei nur Figuren in einem epischen Schachspiel auf Leben und Tod. Liebe wird auf die Probe gestellt, Freundschaften werden zerrissen und Opfer müssen für Kirks letzte verbliebene Familie erbracht werden: Seine Mannschaft.',28,132,2,'/lfuJCO2wK5ZY5UY1F5DSjyDUTot.jpg','/6A0P0iJUtxnIpfxbWt5gUF5DC1V.jpg',7),(72,'Star Trek Beyond','Auf ihrer Forschungsmission gerät die Enterprise in einen gnadenlosen Hinterhalt. Unter Dauerbeschuss kann die Crew um Captain Kirk nur in letzter Sekunde auf fremdem Terrain notlanden. Doch statt in Sicherheit befindet sie sich plötzlich zwischen den Fronten eines scheinbar ausweglosen Konflikts. Getrennt voneinander und ohne Kontakt zur Außenwelt ziehen Kirk und sein Team in den Kampf gegen einen mysteriösen und übermächtigen Feind.',28,122,2,'/wI5VghYNYLktDRPUa5rrVcVA1h7.jpg','/m4F1KRK5jAoQHi2mKDFE2jFKEIb.jpg',7),(73,'Jäger des verlorenen Schatzes','Der Archäologe Dr.Henry Jones wird, nachdem er von seinem französischen Kollegen Belloq nach einer Bergung aus einem Aztekengrab hereingelegt wurde, von Regierungsagenten auf die Bundeslade angesetzt, das Behältnis in dem Moses\' Gesetzestafeln aufbewahrt wurden.Laut Geheiminformationen suchen die Nazis nach der Lade, da sie den Besitzer unbesiegbar machen soll. Jones, genannt Indiana Jones, reist daraufhin nach Nepal, wo er einen alten Kollegen aufspüren will, jedoch nur dessen Tochter findet, die sich an ihn ranhängt. Ein altes Schmuckstück führt sie nach Ägypten, wo die Nazis mit Belloqs Hilfe bereits Ausgrabungen vornehmen. So kommt es zum Wettlauf um die Auffindung der Quelle der Seelen, wo die Lade stehen soll. Doch auch nachdem die Lade aus der schlangenverseuchten Quelle geborgen ist, ist das Spiel noch lange nicht vorbei....',12,115,2,'/8cWx3s2Wfo15DzUyIE8scg3eNdb.jpg','/c7Mjuip0jfHLY7x8ZSEriRj45cu.jpg',8),(74,'Star Trek - Treffen der Generationen','Sternzeit: 23. Jahrhundert. Als Ehrengast begleitet James T. Kirk, mittlerweile im Ruhestand, die Jungfernfahrt der neuen Enterprise B. Die Ereignisse überschlagen sich, als das Raumschiff in ein mysteriöses Energiefeld, dem Nexus, gerät. Bei dem waghalsigen Versuch, das Schiff zu retten, wird Kirk ins Weltall geschleudert. 78 Jahre später: Captain Luc Picard und die Crew der Enterprise D retten den Wissenschaftler Soran aus dem gleichen Energiefeld, das bereits der Enterprise B zum Verhängnis wurde. Doch Soran hat finstere Ziele, er plant die Zerstörung eines gesamten Sonnensystems. Picards letzte Hoffnung ist der Nexus...und ein legendärer Captain...',878,118,1,'/5nLgycA4EdFLqJcCwtiLJ1YSipm.jpg','/mNdsbVuRdsyo8eitW2IBW2BWRkU.jpg',7),(75,'Die Katze auf dem heißen Blechdach','Der reiche Plantagenbesitzer Big Daddy versammelt zu seinem 65. Geburtstag die ganze Familie auf seinem herrschaftlichen Anwesen. Was der alte Mann nicht ahnt: Er hat Krebs und seine gesamte Verwandtschaft versucht nun, sich das umfangreiche Erbe zu sichern. Der Beginn einer Auseinandersetzung zwischen den Familienmitgliedern, die tragisch endet ...',18,108,1,'/qSZBvpL8zSr5J6N8wThAOOGXfhG.jpg','/o53YZOxru84Z9wgZwbwqF25bdOl.jpg',8),(76,'Hogfather - Schaurige Weihnachten','Skandal auf der mythischen Scheibenwelt: Der Schneevater ist verschwunden, jener übergewichtige Geselle, der alljährlich mit seinem von Schweinen gezogenen Schlitten umherfährt, \"Ho, ho, ho\" brüllt und Geschenke verteilt. Während sich der Tod höchstpersönlich den roten Mantel überstreift, um das Schneefest mit Leben zu füllen, macht sich seine (Adoptiv-)Enkeltochter Susan auf die Suche nach dem Schneevater. Dabei kommt sie einer Verschwörung ungeahnten Ausmaßes auf die Spur ...\r\n Nach dem Roman \"Schweinsgalopp\" von Terry Pratchett.',18,185,1,'/wi8oSOxPsFMdQRdsyToygeHdUMI.jpg','/pAYMKtedQGyrGV006ez56PGH8hm.jpg',7);
/*!40000 ALTER TABLE `movies` ENABLE KEYS */;
UNLOCK TABLES;

--
-- Table structure for table `ratings`
--

/*!40101 SET @saved_cs_client     = @@character_set_client */;
/*!40101 SET character_set_client = utf8 */;
CREATE TABLE IF NOT EXISTS `ratings` (
  `id` int(10) unsigned NOT NULL AUTO_INCREMENT,
  `movieid` int(10) unsigned NOT NULL,
  `userid` int(10) unsigned NOT NULL,
  `rating` int(11) NOT NULL,
  `text` text DEFAULT NULL,
  PRIMARY KEY (`id`),
  UNIQUE KEY `id_UNIQUE` (`id`),
  UNIQUE KEY `movieid_UNIQUE` (`movieid`,`userid`),
  KEY `id_movie` (`movieid`),
  KEY `id_user` (`userid`),
  CONSTRAINT `fk_ratings_1` FOREIGN KEY (`userid`) REFERENCES `users` (`id`) ON DELETE NO ACTION ON UPDATE NO ACTION,
  CONSTRAINT `fk_ratings_2` FOREIGN KEY (`movieid`) REFERENCES `movies` (`id`) ON DELETE NO ACTION ON UPDATE NO ACTION
) ENGINE=InnoDB AUTO_INCREMENT=62 DEFAULT CHARSET=utf8mb4;
/*!40101 SET character_set_client = @saved_cs_client */;

--
-- Dumping data for table `ratings`
--
-- ORDER BY:  `id`

LOCK TABLES `ratings` WRITE;
/*!40000 ALTER TABLE `ratings` DISABLE KEYS */;
INSERT INTO `ratings` VALUES (2,47,2,6,'Ich mag die Marvel Filme  ja eigentlich ganz gut. Aber dieser ist eher schlecht geworden. Werde mit diesem Scott Lang einfach nicht warm.'),(3,48,2,5,'Leider noch schlechter als der erste Ant-Man Film. Irgendwie keine gute Story.'),(4,8,2,9,'Einer meiner Lieblings - Filme. Diese blaue Lady ist einfach WOOOOHOOO.'),(5,41,2,6,'Für mich der schlechteste Avengers Film. Irgendwie düster, das mag ich nicht.'),(6,38,2,10,'Einfach nur geil. Was für ein Spektakel! Alle Helden vereint, sowas hat man noch nie gesehen!!!'),(7,39,2,10,'Einfach nur geil. Was für ein Spektakel! Alle Helden vereint, sowas hat man noch nie gesehen!!!'),(8,35,2,8,'Kult Faktor. Ein cooles WW 2 Spektakel.'),(9,29,2,8,'Eine cooler neuer Charakter.  Ausserdem ist Nick Fury in diesem Film unschlagbar, ich sag nur \"Die Katze\". Wohl einer der Marvel Filme mit dem höchsten Spass - Faktor.'),(10,25,2,7,'\"Luke, ich bin Dein Vater\". Was für ein Plot Twist! Ausserdem coole Kampfszenen auf dem Eisplaneten.'),(11,56,2,8,'Bin von der Serie positiv überrascht worden. Peter Jackson hat das wirklich sehr gut gemacht. Die wichtigsten Elemente der Bücher sind vorhanden. Die visuelle Umsetzung ist sehr gut gelungen.'),(12,55,2,8,'Bin von der Serie positiv überrascht worden. Peter Jackson hat das wirklich sehr gut gemacht. Die wichtigsten Elemente der Bücher sind vorhanden. Die visuelle Umsetzung ist sehr gut gelungen. Die Schlacht bei Helms Klamm und vor allem den Ents sind mega cool!!!!'),(13,57,2,9,'Das grosse Finale der Serie. Sehr gut gemacht, leider fehlt ein grosser Teil der Geschichte am Ende des Films. Schaade aber mehr als 3.5 Stunden Film wäre wohl zu lang geworden :).'),(14,60,2,9,'Das grosse Finale der Serie. '),(15,59,2,7,'Der coolste Drache der Filmgeschichte!'),(16,58,2,7,'Nicht schlecht aber die Haupt Serie ist doch deutlich besser. Irgendwie wurde ein kleiner Roman zu einer riesen Sache aufgeblasen.'),(17,37,2,5,'Der schlechteste Marvel Film. Zum Glück wurde der Hauptdarsteller für die weiteren Filme ausgetauscht.'),(18,24,2,8,'Toller Film. Wenn nur die knuffigen Ewoks nicht wären. Die mag ich nicht so wirklich.'),(19,15,2,7,'Ich mag den Film. Lustig und tragisch in einem.'),(20,43,2,8,'Ich bin GROOOT!'),(21,42,2,7,'Gut aber der erste war besser.'),(22,28,2,6,'Fängt gut an, aber leider ein sehr schwaches Ende. Was sollen Aliens in einem Indiana Jones Film???? '),(23,26,2,9,'Der beste der Serie. Indy, Nazis, Tempelritter und viel Aktion, was will man mehr. :)'),(24,27,2,7,'Schon etwas gealtert, aber trotzdem Kult.'),(25,30,2,8,'Gut, besser, Tony Stark !'),(26,31,2,7,'Nicht ganz so toll wie der erste Iron Man. Aber immer noch gute Unterhaltung.'),(27,32,2,7,'Einige wirklich gute Elemente wie \"Der Mandarin\", sonst eher schwach.'),(28,34,2,6,'Na ja, schon noch witzig. Aber sonst eher schwach.'),(29,73,2,7,'Der Ur-Indy. Aber man merkt schon das das Budget noch nicht das grösste war.'),(30,20,2,9,'Für mich der mit Abstand beste Star Wars Film von Disney. Düster, aber ein Top Story und gute Schauspieler.'),(31,9,2,8,'Ein Meisterwerk von George Lucas.'),(32,40,2,8,'Der erste Avengers Film. Sehr cool die ganzen Helden gemeinsam zu sehen. Die Schlacht um New York ist der Wahnsinn.'),(33,10,2,7,'Habe den Film in meiner Kindheit rauf und runter geschaut. Wohl noch mehr als Star Wars.'),(34,47,1,5,'Ich mag diese Marvel Filme nicht besonders. Ist doch immer das selbe, einfach nur langweilig.'),(35,48,1,6,'Ich mag diese Marvel Filme nicht besonders. Ist doch immer das selbe, einfach nur langweilig.'),(36,8,1,8,'Für Science Fiction nicht schlecht. Tolle Effekte.'),(37,41,1,5,'Ich mag diese Marvel Filme nicht besonders. Ist doch immer das selbe, einfach nur langweilig.'),(38,38,1,7,'Ich mag diese Marvel Filme nicht besonders. Ist doch immer das selbe, einfach nur langweilig. Die Action ist in diesem Film aber wirklich nicht schlecht.'),(39,39,1,8,'Ich mag diese Marvel Filme nicht besonders. Ist doch immer das selbe, einfach nur langweilig.'),(40,16,1,9,'Toller Film. Wirklich lustig. \"Shanka, Kiss my Egg!\"'),(41,14,1,8,'Ich mag Filme von Luc Besson.'),(42,11,1,8,'Toller Französischer Film. Es muss nicht immer Holywood sein.'),(43,13,1,7,'Sehr lustig. Wer Ihn nicht kennt, unbedingt anschauen.'),(44,51,1,8,'Nicer Film. Tolle Special Effects.'),(45,44,1,8,'Auch wenn ich Marvel Filme eigentlich nicht mag. Der ist gut gelungen.'),(46,20,1,8,'Gut gelungener Star Wars Film. Endlich mal was neues, kommt fast ohne Jedis aus.'),(47,74,1,7,'Finde den Film nicht schlecht. Piccard und Kirk gemeinsam unterwegs. Das gabs noch nie.'),(48,64,1,7,'Zeitreise in die 1980 er Jahre. Spock im Hippie Look :)'),(49,37,1,4,'Einfach nur schlecht.'),(50,10,1,5,'Blödel Klamauk'),(51,46,1,6,'Nichts für mich. Der erste was viel besser.'),(52,43,1,7,'Ich mag sonst keine Marvel Filme, aber der ist wenigstens lustig.'),(53,42,1,7,'Ich mag sonst keine Marvel Filme, aber der ist wenigstens lustig.'),(54,75,1,8,'Ein Klassiker!'),(55,76,1,7,'Terry Pratchet ist mein Lieblingsautor. Die alten Filme waren jeweils eine Katastrophe, aber die neuen von der BBC sind erste Klasse. Empfehlenswert!!!!'),(56,33,3,8,'Super Toll. Toller Soundtrack von Queen.'),(57,45,3,7,'Geht so. Der erste war um Meilen besser.'),(58,12,3,6,'Ganz ok. Ich mag den Humor irgendwie nicht, ist mir zu platt.'),(59,16,3,6,'Nicht mein Humor.'),(60,57,3,8,'Nüscht schlecht. Aber etwas lange.'),(61,60,3,8,'Gut gemacht. Aber ich bin froh das diese Hobbit Filme nun ein Ende haben.');
/*!40000 ALTER TABLE `ratings` ENABLE KEYS */;
UNLOCK TABLES;

--
-- Table structure for table `users`
--

/*!40101 SET @saved_cs_client     = @@character_set_client */;
/*!40101 SET character_set_client = utf8 */;
CREATE TABLE IF NOT EXISTS `users` (
  `id` int(10) unsigned NOT NULL AUTO_INCREMENT,
  `email` varchar(120) NOT NULL,
  `password_hash` char(128) NOT NULL,
  `about` text DEFAULT NULL,
  `displayname` varchar(32) NOT NULL,
  `last_seen` datetime NOT NULL,
  PRIMARY KEY (`id`),
  UNIQUE KEY `username_UNIQUE` (`email`),
  UNIQUE KEY `displayname_UNIQUE` (`displayname`),
  KEY `users.id` (`id`)
) ENGINE=InnoDB AUTO_INCREMENT=4 DEFAULT CHARSET=utf8mb4;
/*!40101 SET character_set_client = @saved_cs_client */;

--
-- Dumping data for table `users`
--
-- ORDER BY:  `id`

LOCK TABLES `users` WRITE;
/*!40000 ALTER TABLE `users` DISABLE KEYS */;
INSERT INTO `users` VALUES (1,'user1@ipso.ch','pbkdf2:sha256:260000$smeDF0mrYmn9cZid$09874f9dfbb6f53847117ad331bd35f6328238f2f4b49e8284d675b1ae2c8177','Ich liebe Filme über alles!','user1','2022-07-29 15:31:24'),(2,'user2@ipso.ch','pbkdf2:sha256:260000$G8844nsjr27Tgc2Z$5f4bae176b03dcaeb99f7d168fe22f22397285d93fc955b18220968f09529cad','Ich bin au film fan!!!','user2','2022-07-29 15:31:50'),(3,'user3@ipso.ch','pbkdf2:sha256:260000$aZfKrBTQLOwPTyKU$d3e15588d3c0e36932e9e3057b686ecdf82ad85c1cfe58c41185db21d4240b76','Ich bin der dritte Film Freak.','user3','2022-07-29 15:38:29');
/*!40000 ALTER TABLE `users` ENABLE KEYS */;
UNLOCK TABLES;
/*!40103 SET TIME_ZONE=@OLD_TIME_ZONE */;

/*!40101 SET SQL_MODE=@OLD_SQL_MODE */;
/*!40014 SET FOREIGN_KEY_CHECKS=@OLD_FOREIGN_KEY_CHECKS */;
/*!40014 SET UNIQUE_CHECKS=@OLD_UNIQUE_CHECKS */;
/*!40101 SET CHARACTER_SET_CLIENT=@OLD_CHARACTER_SET_CLIENT */;
/*!40101 SET CHARACTER_SET_RESULTS=@OLD_CHARACTER_SET_RESULTS */;
/*!40101 SET COLLATION_CONNECTION=@OLD_COLLATION_CONNECTION */;
/*!40111 SET SQL_NOTES=@OLD_SQL_NOTES */;

-- Dump completed on 2022-07-29 19:20:30
